{
  "random_scores": [
    0.7977708599819128,
    0.8552889877272227,
    0.8879932255878389,
    0.7506080481178522,
    0.8105012591766384,
    0.8795272731712427,
    0.862298088743691,
    0.7900886831609856,
    0.8435026963621611,
    0.861946974109251,
    0.8412059765747273,
    0.8358291925897479,
    0.7797790249440756,
    0.8490515006067413,
    0.7698129054106746,
    0.6745830573715014,
    0.7943697730658199,
    0.67438143389068,
    0.7524154148879877,
    0.8118022355533617,
    0.7722563230620271,
    0.7891474271685841,
    0.7890308512119462,
    0.7390594343746296,
    0.7886918726893345,
    0.8058667038628294,
    0.9086927169634428,
    0.8099302942605697,
    0.6717131746079517,
    0.819467924406146,
    0.7205667049375465,
    0.8032850773394103,
    0.6720798408169374,
    0.7910101811702174,
    0.870832195898887,
    0.7469728765859588,
    0.7554031594759446,
    0.8199996111567079,
    0.8510720796802714,
    0.6892644468199577
  ],
  "guided_scores": [
    0.8292347811068609,
    0.7517606045281943,
    0.8308176709564884,
    0.7959760706484118,
    0.8175195250045109,
    0.8774974647152614,
    0.893475985237083,
    0.6682961507749205,
    0.8996265078620513,
    0.9123839502721034,
    0.894712876768138,
    0.8243772962237258,
    0.8174438533751541,
    0.8023218482716595,
    0.7663624024977487,
    0.8115949054048449,
    0.9057844318678406,
    0.7501934510540735,
    0.8139598958970806,
    0.8995106531623478,
    0.8017390299787619,
    0.8678901835096425,
    0.8246194092070628,
    0.8065832869727391,
    0.9128471007480806,
    0.8701884923869393,
    0.8354251168018602,
    0.8648096655373382,
    0.8780455470069934,
    0.8629399919156845,
    0.8280412283215053,
    0.850520010073769,
    0.7602635386981836,
    0.772215845699561,
    0.8630994616536558,
    0.7883237923648421,
    0.8342625144594863,
    0.8789225560702888,
    0.782967393925829,
    0.7958603962157524
  ]
}
