{
  "random_scores": [
    0.8528108599819126,
    0.9211289877272226,
    0.9430332255878388,
    0.8054480481178523,
    0.8763412591766383,
    0.9259272731712428,
    0.741018088743691,
    0.8319686831609857,
    0.8899026963621612,
    0.7406669741092511,
    0.8876059765747274,
    0.7145491925897479,
    0.8300590249440757,
    0.7406515006067411,
    0.8162129054106747,
    0.7336630573715015,
    0.8494097730658198,
    0.75838143389068,
    0.8124954148879876,
    0.8541222355533619,
    0.6509763230620271,
    0.8314674271685842,
    0.8438708512119463,
    0.7809394343746298,
    0.8317718726893345,
    0.8717067038628293,
    0.7874127169634428,
    0.7015302942605696,
    0.7307931746079518,
    0.8795479244061459,
    0.7628867049375466,
    0.8583250773394102,
    0.7139598408169375,
    0.8750101811702174,
    0.9258721958988869,
    0.8309728765859589,
    0.7977231594759447,
    0.7115996111567078,
    0.8933920796802716,
    0.6069844468199577
  ],
  "guided_scores": [
    0.8756747811068608,
    0.7649206045281942,
    0.8865776709564884,
    0.7921760706484119,
    0.8387595250045109,
    0.9117374647152613,
    0.8985159852370831,
    0.7136961507749207,
    0.9283465078620515,
    0.9411039502721036,
    0.9234328767681382,
    0.844697296223726,
    0.8486038533751541,
    0.8365618482716595,
    0.8127624024977488,
    0.8204749054048449,
    0.9309044318678407,
    0.8059534510540736,
    0.8570398958970806,
    0.9337506531623476,
    0.7945790299787622,
    0.9132901835096426,
    0.8422994092070628,
    0.8489032869727392,
    0.9252871007480806,
    0.8752684923869396,
    0.8430651168018604,
    0.8724496655373384,
    0.8933255470069937,
    0.9052599919156846,
    0.8703612283215054,
    0.906280010073769,
    0.7619835386981835,
    0.798055845699561,
    0.8736594616536556,
    0.8139637923648423,
    0.8647025144594863,
    0.907642556070289,
    0.814127393925829,
    0.7832603962157526
  ]
}
