{
  "random_scores": [
    0.8528108599819126,
    0.9211289877272226,
    0.9430332255878388,
    0.8054480481178523,
    0.8763412591766383,
    0.9259272731712428,
    0.900818088743691,
    0.8319686831609857,
    0.8899026963621612,
    0.900466974109251,
    0.8876059765747274,
    0.8743491925897479,
    0.8300590249440757,
    0.9038515006067411,
    0.8162129054106747,
    0.7336630573715015,
    0.8494097730658198,
    0.75838143389068,
    0.8124954148879876,
    0.8541222355533619,
    0.8107763230620271,
    0.8314674271685842,
    0.8438708512119463,
    0.7809394343746298,
    0.8317718726893345,
    0.8717067038628293,
    0.9472127169634428,
    0.8647302942605696,
    0.7307931746079518,
    0.8795479244061459,
    0.7628867049375466,
    0.8583250773394102,
    0.7139598408169375,
    0.8750101811702174,
    0.9258721958988869,
    0.8309728765859589,
    0.7977231594759447,
    0.8747996111567078,
    0.8933920796802716,
    0.7627044468199577
  ],
  "guided_scores": [
    0.902674781106861,
    0.8065606045281941,
    0.8865776709564884,
    0.8344960706484118,
    0.8653595250045109,
    0.9322974647152612,
    0.931995985237083,
    0.7170161507749206,
    0.9381465078620513,
    0.9509039502721034,
    0.933232876768138,
    0.8628972962237258,
    0.872243853375154,
    0.8571218482716594,
    0.8127624024977488,
    0.852754905404845,
    0.9469444318678407,
    0.8059534510540736,
    0.8570398958970806,
    0.9543106531623475,
    0.851019029978762,
    0.9132901835096426,
    0.8724594092070628,
    0.8489032869727392,
    0.9540071007480807,
    0.9194684923869394,
    0.8739451168018602,
    0.9140896655373383,
    0.9165655470069934,
    0.9052599919156846,
    0.8703612283215054,
    0.906280010073769,
    0.8150635386981835,
    0.8270158456995609,
    0.9178994616536557,
    0.8268437923648421,
    0.8754225144594864,
    0.9282025560702889,
    0.8377673939258289,
    0.8451403962157525
  ]
}
