{
  "random_scores": [
    0.8528108599819126,
    0.9144089877272228,
    0.9430332255878388,
    0.8054480481178523,
    0.8696212591766385,
    0.9259272731712428,
    0.8972180887436911,
    0.8319686831609857,
    0.8899026963621612,
    0.8968669741092512,
    0.8876059765747274,
    0.870749192589748,
    0.8252590249440755,
    0.8997715006067413,
    0.8162129054106747,
    0.7336630573715015,
    0.8494097730658198,
    0.74594143389068,
    0.8124954148879876,
    0.8541222355533619,
    0.8071763230620272,
    0.8314674271685842,
    0.8438708512119463,
    0.7809394343746298,
    0.8413318726893345,
    0.8649867038628295,
    0.943612716963443,
    0.8606502942605697,
    0.7307931746079518,
    0.8795479244061459,
    0.7628867049375466,
    0.8583250773394102,
    0.7139598408169375,
    0.8625701811702174,
    0.9258721958988869,
    0.8185328765859589,
    0.7977231594759447,
    0.8707196111567079,
    0.8933920796802716,
    0.7670244468199579
  ],
  "guided_scores": [
    0.906994781106861,
    0.8024806045281943,
    0.8834576709564884,
    0.8323360706484121,
    0.867479525004511,
    0.9282174647152613,
    0.9283959852370832,
    0.7213361507749207,
    0.9359865078620516,
    0.9473039502721036,
    0.9310728767681383,
    0.859297296223726,
    0.8681638533751541,
    0.8530418482716595,
    0.8127624024977488,
    0.852754905404845,
    0.9469444318678407,
    0.8028334510540736,
    0.8665998958970806,
    0.9502306531623477,
    0.8469390299787621,
    0.9132901835096426,
    0.8745794092070629,
    0.8489032869727392,
    0.9540071007480807,
    0.9153884923869395,
    0.8717851168018604,
    0.9100096655373384,
    0.9129655470069936,
    0.9052599919156846,
    0.8703612283215054,
    0.9012400100737691,
    0.8109835386981836,
    0.822935845699561,
    0.9138194616536558,
    0.8232437923648422,
    0.8754225144594864,
    0.924122556070289,
    0.833687393925829,
    0.8410603962157527
  ]
}
