{
  "random_scores": [
    0.7758108599819127,
    0.8441289877272227,
    0.8660332255878388,
    0.7284480481178524,
    0.7993412591766383,
    0.8417672731712428,
    0.8202180887436912,
    0.7499686831609856,
    0.8057426963621612,
    0.8198669741092512,
    0.8034459765747274,
    0.7937491925897481,
    0.7377390249440757,
    0.8275715006067412,
    0.7320529054106747,
    0.6710230573715015,
    0.7724097730658198,
    0.6689414338906798,
    0.7288154148879876,
    0.7905222355533618,
    0.7301763230620273,
    0.7678674271685841,
    0.7668708512119463,
    0.6989394343746297,
    0.7492518726893344,
    0.7947067038628294,
    0.866612716963443,
    0.7884502942605697,
    0.6681531746079518,
    0.795867924406146,
    0.6992867049375465,
    0.7813250773394103,
    0.6319598408169375,
    0.7855701811702173,
    0.848872195898887,
    0.7415328765859587,
    0.7341231594759446,
    0.7985196111567079,
    0.8297920796802715,
    0.6931044468199579
  ],
  "guided_scores": [
    0.8330747811068611,
    0.7302806045281942,
    0.7971376709564882,
    0.753896070648412,
    0.793559525004511,
    0.8560174647152613,
    0.8513959852370833,
    0.6474161507749208,
    0.8575465078620516,
    0.8703039502721036,
    0.8526328767681383,
    0.782297296223726,
    0.7959638533751541,
    0.7808418482716595,
    0.7286024024977488,
    0.778834905404845,
    0.8668244318678405,
    0.7270734510540735,
    0.7800398958970804,
    0.8780306531623476,
    0.7747390299787621,
    0.8466101835096426,
    0.8006594092070629,
    0.7853032869727391,
    0.8738871007480805,
    0.8431884923869395,
    0.7933451168018604,
    0.8378096655373384,
    0.8359655470069937,
    0.8416599919156845,
    0.8067612283215053,
    0.8168400100737688,
    0.7387835386981836,
    0.750735845699561,
    0.8416194616536558,
    0.7503637923648422,
    0.8015025144594864,
    0.851922556070289,
    0.761487393925829,
    0.7688603962157526
  ]
}
